{
  "﻿266": {
    "Name": "Агафонов",
    "Surname": "Афанасий"
  },
  "287": {
    "Name": "Алексеев",
    "Surname": "Эрик"
  },
  "149": {
    "Name": "Андрусейко",
    "Surname": "Устин"
  },
  "62": {
    "Name": "Андрусейко",
    "Surname": "Ольга"
  },
  "316": {
    "Name": "Андрухович",
    "Surname": "Октябрина"
  },
  "18": {
    "Name": "Арсеиньев",
    "Surname": "Марк"
  },
  "320": {
    "Name": "Архипова",
    "Surname": "Яна"
  },
  "31": {
    "Name": "Базанов",
    "Surname": "Анатолий"
  },
  "361": {
    "Name": "Барановска",
    "Surname": "Юзефа"
  },
  "164": {
    "Name": "Бачей",
    "Surname": "Берта"
  },
  "251": {
    "Name": "Бачей",
    "Surname": "Нонна"
  },
  "139": {
    "Name": "Белов",
    "Surname": "Чарльз"
  },
  "318": {
    "Name": "Белова",
    "Surname": "Федосья"
  },
  "102": {
    "Name": "Белозёров",
    "Surname": "Леонид"
  },
  "355": {
    "Name": "Белозёрова",
    "Surname": "Дина"
  },
  "142": {
    "Name": "Белоусов",
    "Surname": "Тимофей"
  },
  "78": {
    "Name": "Белоусова",
    "Surname": "Юзефа"
  },
  "2": {
    "Name": "Беспалов",
    "Surname": "Василий"
  },
  "199": {
    "Name": "Блохин",
    "Surname": "Болеслав"
  },
  "224": {
    "Name": "Блохин",
    "Surname": "Феликс"
  },
  "261": {
    "Name": "Бобров",
    "Surname": "Степан"
  },
  "283": {
    "Name": "Борисенко",
    "Surname": "Чарльз"
  },
  "132": {
    "Name": "Бородай",
    "Surname": "Бронислав"
  },
  "356": {
    "Name": "Бородай",
    "Surname": "Йосифа"
  },
  "159": {
    "Name": "Бородай",
    "Surname": "Дина"
  },
  "105": {
    "Name": "Брагин",
    "Surname": "Жерар"
  },
  "70": {
    "Name": "Брагина",
    "Surname": "Инга"
  },
  "137": {
    "Name": "Буров",
    "Surname": "Павел"
  },
  "166": {
    "Name": "Бурова",
    "Surname": "Светлана"
  },
  "170": {
    "Name": "Бурова",
    "Surname": "Фаина"
  },
  "321": {
    "Name": "Бутко",
    "Surname": "Шушана"
  },
  "103": {
    "Name": "Быков",
    "Surname": "Станислав"
  },
  "281": {
    "Name": "Быков",
    "Surname": "Юрий"
  },
  "322": {
    "Name": "Вальковска",
    "Surname": "Мальвина"
  },
  "244": {
    "Name": "Васильева",
    "Surname": "Юзефа"
  },
  "136": {
    "Name": "Веселов",
    "Surname": "Шамиль"
  },
  "111": {
    "Name": "Виноградов",
    "Surname": "Эрик"
  },
  "168": {
    "Name": "Виноградова",
    "Surname": "Цветелина"
  },
  "99": {
    "Name": "Вишняков",
    "Surname": "Захар"
  },
  "223": {
    "Name": "Владимиров",
    "Surname": "Никодим"
  },
  "181": {
    "Name": "Волков",
    "Surname": "Милан"
  },
  "257": {
    "Name": "Волкова",
    "Surname": "Пелагея"
  },
  "327": {
    "Name": "Воробьёва",
    "Surname": "Юлия"
  },
  "117": {
    "Name": "Гаврилов",
    "Surname": "Бронислав"
  },
  "202": {
    "Name": "Гаврилов",
    "Surname": "Афанасий"
  },
  "124": {
    "Name": "Гайчук",
    "Surname": "Эрик"
  },
  "114": {
    "Name": "Гайчук",
    "Surname": "Жерар"
  },
  "83": {
    "Name": "Гайчук",
    "Surname": "Дарья"
  },
  "173": {
    "Name": "Гелетей",
    "Surname": "Инга"
  },
  "27": {
    "Name": "Гершкович",
    "Surname": "Игнатий"
  },
  "55": {
    "Name": "Голодяев",
    "Surname": "Ярослав"
  },
  "313": {
    "Name": "Голубев",
    "Surname": "Йоханес"
  },
  "239": {
    "Name": "Голубева",
    "Surname": "Анастасия"
  },
  "84": {
    "Name": "Горбунова",
    "Surname": "Федосья"
  },
  "311": {
    "Name": "Гордеев",
    "Surname": "Ярослав"
  },
  "183": {
    "Name": "Гордеев",
    "Surname": "Харитон"
  },
  "155": {
    "Name": "Гордеева",
    "Surname": "Марина"
  },
  "66": {
    "Name": "Гордеева",
    "Surname": "Устинья"
  },
  "76": {
    "Name": "Горшкова",
    "Surname": "Регина"
  },
  "227": {
    "Name": "Грабчак",
    "Surname": "Эдуард"
  },
  "96": {
    "Name": "Гребневский",
    "Surname": "Константин"
  },
  "45": {
    "Name": "Гретченко",
    "Surname": "Григорий"
  },
  "242": {
    "Name": "Григорьева",
    "Surname": "Пелагея"
  },
  "100": {
    "Name": "Гриневская",
    "Surname": "Чарльз"
  },
  "113": {
    "Name": "Громов",
    "Surname": "Тимур"
  },
  "73": {
    "Name": "Громова",
    "Surname": "Мария"
  },
  "138": {
    "Name": "Гуляев",
    "Surname": "Феликс"
  },
  "308": {
    "Name": "Гуляев",
    "Surname": "Ян"
  },
  "63": {
    "Name": "Гусева",
    "Surname": "Рада"
  },
  "186": {
    "Name": "Гущин",
    "Surname": "Любомир"
  },
  "198": {
    "Name": "Давыдов",
    "Surname": "Андрей"
  },
  "352": {
    "Name": "Давыдова",
    "Surname": "Евгения"
  },
  "80": {
    "Name": "Данилова",
    "Surname": "Нонна"
  },
  "236": {
    "Name": "Денисова",
    "Surname": "Йолика"
  },
  "119": {
    "Name": "Дорофеев",
    "Surname": "Ираклий"
  },
  "112": {
    "Name": "Дорофеев",
    "Surname": "Устин"
  },
  "61": {
    "Name": "Дорофеева",
    "Surname": "Мария"
  },
  "151": {
    "Name": "Дорофеева",
    "Surname": "Элина"
  },
  "87": {
    "Name": "Дроздова",
    "Surname": "Йолана"
  },
  "172": {
    "Name": "Дьячкова",
    "Surname": "Чеслава"
  },
  "108": {
    "Name": "Евсеев",
    "Surname": "Устин"
  },
  "107": {
    "Name": "Евсеев",
    "Surname": "Ростислав"
  },
  "360": {
    "Name": "Евсеева",
    "Surname": "Пелагея"
  },
  "133": {
    "Name": "Егоров",
    "Surname": "Тимур"
  },
  "86": {
    "Name": "Егорова",
    "Surname": "Харитина"
  },
  "359": {
    "Name": "Емельянова",
    "Surname": "Нелли"
  },
  "264": {
    "Name": "Желиба",
    "Surname": "Харитон"
  },
  "37": {
    "Name": "Жердев",
    "Surname": "Прокл"
  },
  "163": {
    "Name": "Житар",
    "Surname": "Глория"
  },
  "310": {
    "Name": "Журавлёв",
    "Surname": "Оливер"
  },
  "350": {
    "Name": "Журавлёва",
    "Surname": "Харита"
  },
  "192": {
    "Name": "Забужко",
    "Surname": "Йошка"
  },
  "75": {
    "Name": "Захарова",
    "Surname": "Йосифа"
  },
  "34": {
    "Name": "Зверев",
    "Surname": "Адриан"
  },
  "194": {
    "Name": "Иванив",
    "Surname": "Никодим"
  },
  "79": {
    "Name": "Иванив",
    "Surname": "Октябрина"
  },
  "38": {
    "Name": "Ивашов",
    "Surname": "Дементий"
  },
  "233": {
    "Name": "Иващенко",
    "Surname": "Гражина"
  },
  "290": {
    "Name": "Иващенко",
    "Surname": "Ираклий"
  },
  "249": {
    "Name": "Игнатьева",
    "Surname": "Валерия"
  },
  "43": {
    "Name": "Изотов",
    "Surname": "Аскольд"
  },
  "187": {
    "Name": "Исаков",
    "Surname": "Герасим"
  },
  "293": {
    "Name": "Кабанов",
    "Surname": "Бронислав"
  },
  "190": {
    "Name": "Казаков",
    "Surname": "Яков"
  },
  "8": {
    "Name": "Каиров",
    "Surname": "Феликс"
  },
  "67": {
    "Name": "Калашникова",
    "Surname": "Юзефа"
  },
  "252": {
    "Name": "Калинина",
    "Surname": "Маргарита"
  },
  "77": {
    "Name": "Калинина",
    "Surname": "Шушана"
  },
  "60": {
    "Name": "Карнаухов",
    "Surname": "Капитон"
  },
  "196": {
    "Name": "Карпов",
    "Surname": "Гордей"
  },
  "17": {
    "Name": "Карякин",
    "Surname": "Артём"
  },
  "197": {
    "Name": "Кириллов",
    "Surname": "Тарас"
  },
  "56": {
    "Name": "Кичеев",
    "Surname": "Лука"
  },
  "147": {
    "Name": "Князев",
    "Surname": "Яков"
  },
  "319": {
    "Name": "Князева",
    "Surname": "Харитина"
  },
  "95": {
    "Name": "Кобзар",
    "Surname": "Дарий"
  },
  "82": {
    "Name": "Коваленко",
    "Surname": "Злата"
  },
  "284": {
    "Name": "Козлов",
    "Surname": "Трофим"
  },
  "157": {
    "Name": "Колесникова",
    "Surname": "Лидия"
  },
  "156": {
    "Name": "Колесникова",
    "Surname": "Ульяна"
  },
  "4": {
    "Name": "Колотилов",
    "Surname": "Мир"
  },
  "258": {
    "Name": "Комиссарова",
    "Surname": "Эсмеральда"
  },
  "57": {
    "Name": "Кондрат",
    "Surname": "Нестор"
  },
  "167": {
    "Name": "Копылова",
    "Surname": "Злата"
  },
  "94": {
    "Name": "Корнейчук",
    "Surname": "Тимофей"
  },
  "291": {
    "Name": "Коровяк",
    "Surname": "Орландо"
  },
  "238": {
    "Name": "Королёва",
    "Surname": "Юнона"
  },
  "171": {
    "Name": "Костина",
    "Surname": "Тамара"
  },
  "39": {
    "Name": "Кравченко",
    "Surname": "Алексей"
  },
  "184": {
    "Name": "Кравченко",
    "Surname": "Закир"
  },
  "128": {
    "Name": "Красильников",
    "Surname": "Чарльз"
  },
  "22": {
    "Name": "Кратенко",
    "Surname": "Всеслав"
  },
  "288": {
    "Name": "Кудрявцев",
    "Surname": "Гарри"
  },
  "286": {
    "Name": "Кудрявцев",
    "Surname": "Казбек"
  },
  "358": {
    "Name": "Кудрявцева",
    "Surname": "София"
  },
  "188": {
    "Name": "Куликов",
    "Surname": "Афанасий"
  },
  "177": {
    "Name": "Куликова",
    "Surname": "Надежда"
  },
  "20": {
    "Name": "Кураев",
    "Surname": "Вацлав"
  },
  "16": {
    "Name": "Кучеров",
    "Surname": "Валентин"
  },
  "41": {
    "Name": "Лапин",
    "Surname": "Лев"
  },
  "144": {
    "Name": "Лапин",
    "Surname": "Олег"
  },
  "129": {
    "Name": "Лапин",
    "Surname": "Георгий"
  },
  "28": {
    "Name": "Лашманов",
    "Surname": "Фадей"
  },
  "150": {
    "Name": "Лебедев",
    "Surname": "Владлен"
  },
  "178": {
    "Name": "Лебедева",
    "Surname": "Юзефа"
  },
  "48": {
    "Name": "Лебедков",
    "Surname": "Казимир"
  },
  "294": {
    "Name": "Лихачёв",
    "Surname": "Пётр"
  },
  "19": {
    "Name": "Лобанов",
    "Surname": "Юлий"
  },
  "153": {
    "Name": "Лобанова",
    "Surname": "Йоони"
  },
  "64": {
    "Name": "Лобанова",
    "Surname": "Федосья"
  },
  "68": {
    "Name": "Лобанова",
    "Surname": "Инна"
  },
  "267": {
    "Name": "Лукин",
    "Surname": "Донат"
  },
  "33": {
    "Name": "Луньков",
    "Surname": "Максимильян"
  },
  "314": {
    "Name": "Лыткина",
    "Surname": "Янина"
  },
  "97": {
    "Name": "Мазайло",
    "Surname": "Яков"
  },
  "110": {
    "Name": "Майборода",
    "Surname": "Шерлок"
  },
  "69": {
    "Name": "Максимова",
    "Surname": "Фаина"
  },
  "248": {
    "Name": "Мартынова",
    "Surname": "Инесса"
  },
  "72": {
    "Name": "Матвеева",
    "Surname": "Цвета"
  },
  "145": {
    "Name": "Меркушев",
    "Surname": "Чеслав"
  },
  "259": {
    "Name": "Миклашевска",
    "Surname": "Фаина"
  },
  "245": {
    "Name": "Мишина",
    "Surname": "Злата"
  },
  "237": {
    "Name": "Моисеева",
    "Surname": "Жаклин"
  },
  "165": {
    "Name": "Моисеенко",
    "Surname": "Чара"
  },
  "230": {
    "Name": "Моисеенко",
    "Surname": "Устин"
  },
  "104": {
    "Name": "Муравьёв",
    "Surname": "Эрик"
  },
  "317": {
    "Name": "Муравьёва",
    "Surname": "Софья"
  },
  "65": {
    "Name": "Муравьёва",
    "Surname": "Биргит"
  },
  "51": {
    "Name": "Мурогов",
    "Surname": "Семен"
  },
  "1": {
    "Name": "Мурогов",
    "Surname": "Вячеслав"
  },
  "282": {
    "Name": "Мухин",
    "Surname": "Юрий"
  },
  "135": {
    "Name": "Мухин",
    "Surname": "Нестор"
  },
  "323": {
    "Name": "Навальна",
    "Surname": "Фаина"
  },
  "235": {
    "Name": "Недбайло",
    "Surname": "Юнона"
  },
  "74": {
    "Name": "Некрасова",
    "Surname": "Хильда"
  },
  "21": {
    "Name": "Нечаев",
    "Surname": "Владилен"
  },
  "146": {
    "Name": "Никитин",
    "Surname": "Карл"
  },
  "329": {
    "Name": "Николаева",
    "Surname": "Алиса"
  },
  "268": {
    "Name": "Носков",
    "Surname": "Альберт"
  },
  "228": {
    "Name": "Носков",
    "Surname": "Никита"
  },
  "180": {
    "Name": "Носкова",
    "Surname": "Искра"
  },
  "285": {
    "Name": "Носов",
    "Surname": "Филипп"
  },
  "292": {
    "Name": "Носов",
    "Surname": "Цицерон"
  },
  "162": {
    "Name": "Носова",
    "Surname": "Оксана"
  },
  "265": {
    "Name": "Овчаренко",
    "Surname": "Цефас"
  },
  "269": {
    "Name": "Овчинников",
    "Surname": "Харитон"
  },
  "193": {
    "Name": "Осипов",
    "Surname": "Чеслав"
  },
  "256": {
    "Name": "Павленко",
    "Surname": "Валерия"
  },
  "255": {
    "Name": "Панова",
    "Surname": "Бронислава"
  },
  "152": {
    "Name": "Панова",
    "Surname": "Ева"
  },
  "30": {
    "Name": "Перевалов",
    "Surname": "Антип"
  },
  "98": {
    "Name": "Передрий",
    "Surname": "Матвей"
  },
  "348": {
    "Name": "Передрий",
    "Surname": "Жанна"
  },
  "176": {
    "Name": "Петренко",
    "Surname": "Чечилия"
  },
  "243": {
    "Name": "Петренко",
    "Surname": "Лариса"
  },
  "179": {
    "Name": "Петренко",
    "Surname": "Зинаида"
  },
  "125": {
    "Name": "Петрив",
    "Surname": "Юрий"
  },
  "326": {
    "Name": "Петрик",
    "Surname": "Харитина"
  },
  "229": {
    "Name": "Петров",
    "Surname": "Дарий"
  },
  "154": {
    "Name": "Петрова",
    "Surname": "Ульяна"
  },
  "250": {
    "Name": "Повалий",
    "Surname": "Рада"
  },
  "325": {
    "Name": "Повалий",
    "Surname": "Капитолина"
  },
  "195": {
    "Name": "Полищук",
    "Surname": "Тимофей"
  },
  "141": {
    "Name": "Поляков",
    "Surname": "Пётр"
  },
  "253": {
    "Name": "Полякова",
    "Surname": "Йоони"
  },
  "353": {
    "Name": "Пономаренко",
    "Surname": "Ульяна"
  },
  "174": {
    "Name": "Потапова",
    "Surname": "Чара"
  },
  "191": {
    "Name": "Притула",
    "Surname": "Платон"
  },
  "226": {
    "Name": "Рогов",
    "Surname": "Устин"
  },
  "231": {
    "Name": "Романова",
    "Surname": "Яся"
  },
  "58": {
    "Name": "Ростовцев",
    "Surname": "Кондрат"
  },
  "53": {
    "Name": "Рудников",
    "Surname": "Дементий"
  },
  "90": {
    "Name": "Русакова",
    "Surname": "Нина"
  },
  "29": {
    "Name": "Ряхин",
    "Surname": "Серафим"
  },
  "26": {
    "Name": "Сазонов",
    "Surname": "Андриян"
  },
  "131": {
    "Name": "Сазонов",
    "Surname": "Илья"
  },
  "246": {
    "Name": "Сазонова",
    "Surname": "Ника"
  },
  "42": {
    "Name": "Самсонов",
    "Surname": "Прокл"
  },
  "351": {
    "Name": "Самсонова",
    "Surname": "Раиса"
  },
  "240": {
    "Name": "Сафонова",
    "Surname": "Шарлота"
  },
  "254": {
    "Name": "Селиверстова",
    "Surname": "Светлана"
  },
  "232": {
    "Name": "Семочко",
    "Surname": "Пелагея"
  },
  "222": {
    "Name": "Сердюк",
    "Surname": "Закир"
  },
  "101": {
    "Name": "Симонов",
    "Surname": "Пётр"
  },
  "234": {
    "Name": "Сирко",
    "Surname": "Цветелина"
  },
  "161": {
    "Name": "Скляренко",
    "Surname": "Маргарита"
  },
  "92": {
    "Name": "Скляренко",
    "Surname": "Дарий"
  },
  "134": {
    "Name": "Соболев",
    "Surname": "Чеслав"
  },
  "89": {
    "Name": "Соловьёва",
    "Surname": "Полина"
  },
  "262": {
    "Name": "Сорокин",
    "Surname": "Зиновий"
  },
  "3": {
    "Name": "Сочеванов",
    "Surname": "Лука"
  },
  "50": {
    "Name": "Старцев",
    "Surname": "Тимофей"
  },
  "140": {
    "Name": "Степанов",
    "Surname": "Эрик"
  },
  "357": {
    "Name": "Степанова",
    "Surname": "Светлана"
  },
  "158": {
    "Name": "Степанова",
    "Surname": "Флорентина"
  },
  "225": {
    "Name": "Суворов",
    "Surname": "Иннокентий"
  },
  "324": {
    "Name": "Сусаренко",
    "Surname": "Зоя"
  },
  "185": {
    "Name": "Суханов",
    "Surname": "Орест"
  },
  "354": {
    "Name": "Суханова",
    "Surname": "Валерия"
  },
  "15": {
    "Name": "Талалихин",
    "Surname": "Давид"
  },
  "93": {
    "Name": "Тарасов",
    "Surname": "Родион"
  },
  "5": {
    "Name": "Таушев",
    "Surname": "Ефрем"
  },
  "182": {
    "Name": "Темченко",
    "Surname": "Харитон"
  },
  "328": {
    "Name": "Темченко",
    "Surname": "Светлана"
  },
  "127": {
    "Name": "Терещенко",
    "Surname": "Устин"
  },
  "106": {
    "Name": "Терещенко",
    "Surname": "Остап"
  },
  "120": {
    "Name": "Тетерин",
    "Surname": "Дан"
  },
  "32": {
    "Name": "Тихвинский",
    "Surname": "Евграф"
  },
  "71": {
    "Name": "Тихонова",
    "Surname": "Вера"
  },
  "116": {
    "Name": "Толочко",
    "Surname": "Степан"
  },
  "24": {
    "Name": "Торсунов",
    "Surname": "Агафон"
  },
  "91": {
    "Name": "Третьяков",
    "Surname": "Семён"
  },
  "109": {
    "Name": "Туров",
    "Surname": "Болеслав"
  },
  "118": {
    "Name": "Устинов",
    "Surname": "Валентин"
  },
  "309": {
    "Name": "Устинов",
    "Surname": "Кристиан"
  },
  "123": {
    "Name": "Федосеев",
    "Surname": "Тит"
  },
  "25": {
    "Name": "Филин",
    "Surname": "Фома"
  },
  "115": {
    "Name": "Фокин",
    "Surname": "Зенон"
  },
  "260": {
    "Name": "Хижняк",
    "Surname": "Октябрина"
  },
  "88": {
    "Name": "Хитрук",
    "Surname": "Марина"
  },
  "126": {
    "Name": "Хитрук",
    "Surname": "Цицерон"
  },
  "14": {
    "Name": "Храмов",
    "Surname": "Емельян"
  },
  "81": {
    "Name": "Червона",
    "Surname": "Злата"
  },
  "289": {
    "Name": "Червоний",
    "Surname": "Жерар"
  },
  "201": {
    "Name": "Чикольба",
    "Surname": "Борис"
  },
  "52": {
    "Name": "Чмыхов",
    "Surname": "Терентий"
  },
  "263": {
    "Name": "Чумак",
    "Surname": "Родион"
  },
  "54": {
    "Name": "Чупахин",
    "Surname": "Адам"
  },
  "6": {
    "Name": "Шакмаков",
    "Surname": "Василий"
  },
  "122": {
    "Name": "Шарапов",
    "Surname": "Игнат"
  },
  "49": {
    "Name": "Шелагин",
    "Surname": "Остап"
  },
  "23": {
    "Name": "Шелепин",
    "Surname": "Евстигней"
  },
  "40": {
    "Name": "Шепелев",
    "Surname": "Павел"
  },
  "85": {
    "Name": "Ширяева",
    "Surname": "Анфиса"
  },
  "47": {
    "Name": "Шишов",
    "Surname": "Станислав"
  },
  "7": {
    "Name": "Штельмах",
    "Surname": "Андрон"
  },
  "295": {
    "Name": "Шубин",
    "Surname": "Виктор"
  },
  "247": {
    "Name": "Шумейко",
    "Surname": "Рада"
  },
  "175": {
    "Name": "Шумейко",
    "Surname": "Рада"
  },
  "130": {
    "Name": "Шумейко",
    "Surname": "Камиль"
  },
  "121": {
    "Name": "Шумило",
    "Surname": "Прохор"
  },
  "36": {
    "Name": "Шуста",
    "Surname": "Артём"
  },
  "349": {
    "Name": "Шухевич",
    "Surname": "Маргарита"
  },
  "312": {
    "Name": "Щербак",
    "Surname": "Аким"
  },
  "35": {
    "Name": "Щитт",
    "Surname": "Владимир"
  },
  "160": {
    "Name": "Щукина",
    "Surname": "Регина"
  },
  "10": {
    "Name": "Яблонев",
    "Surname": "Бронислав"
  },
  "59": {
    "Name": "Явлюхин",
    "Surname": "Роман"
  },
  "13": {
    "Name": "Явлюхин",
    "Surname": "Артем"
  },
  "46": {
    "Name": "Якимычев",
    "Surname": "Прокл"
  },
  "9": {
    "Name": "Якимычев",
    "Surname": "Артемий"
  },
  "200": {
    "Name": "Яковенко",
    "Surname": "Шамиль"
  },
  "315": {
    "Name": "Яковенко",
    "Surname": "Йосифа"
  },
  "148": {
    "Name": "Якушев",
    "Surname": "Шерлок"
  },
  "241": {
    "Name": "Якушева",
    "Surname": "Екатерина"
  },
  "169": {
    "Name": "Ялова",
    "Surname": "Лилия"
  },
  "44": {
    "Name": "Яппаров",
    "Surname": "Потап"
  },
  "12": {
    "Name": "Яруллин",
    "Surname": "Артур"
  },
  "143": {
    "Name": "Яценюк",
    "Surname": "Лукьян"
  },
  "11": {
    "Name": "Яшунин",
    "Surname": "Клавдий"
  }
}